{
  "n_doors": 3,
  "n_bins": 20,
  "world": [
    0.275,
    0.5750000000000001,
    0.7250000000000001
  ],
  "answers": [
    {
      "n_doors": 3,
      "n_bins": 20,
      "Probs_left": [
        0.6,
        0.3
      ],
      "Probs_right": [
        0.1,
        0.6
      ],
      "seq": [
        "left",
        "left",
        "right"
      ],
      "Sensors": [
        false,
        false,
        false
      ],
      "result": [
        0.04935689806941227,
        0.09227593986890122,
        0.07296237105913118,
        0.06599379545512815,
        0.05402910837442633,
        0.007047770437537209,
        0.03135602635649639,
        0.05953286443154917,
        0.06922426096691764,
        0.06599379545512815,
        0.05402910837442633,
        0.007047770437537209,
        0.0281255608447069,
        0.04433771183905787,
        0.007047770437537209,
        0.03135602635649639,
        0.05953286443154917,
        0.06797822426951312,
        0.06257873191409355,
        0.07019340062045448
      ],
      "check_seed": 0.12558531046383625
    },
    {
      "n_doors": 3,
      "n_bins": 20,
      "Probs_left": [
        0.6,
        0.3
      ],
      "Probs_right": [
        0.1,
        0.6
      ],
      "seq": [
        "right",
        "left",
        "right"
      ],
      "Sensors": [
        true,
        true,
        false
      ],
      "result": [
        0.007857826846166847,
        0.01563116093054695,
        0.01537768264518673,
        0.023995944347434232,
        0.05948290429786515,
        0.028201806267485308,
        0.15529769616402866,
        0.038190728327606595,
        0.016898552357348055,
        0.023995944347434232,
        0.05948290429786515,
        0.028201806267485308,
        0.16239508815411485,
        0.0807750802681237,
        0.028201806267485308,
        0.15529769616402866,
        0.038190728327606595,
        0.017405508928068494,
        0.0182504365459359,
        0.026868698248183408
      ],
      "check_seed": 0.9762744547762418
    },
    {
      "n_doors": 3,
      "n_bins": 20,
      "Probs_left": [
        0.6,
        0.3
      ],
      "Probs_right": [
        0.1,
        0.6
      ],
      "seq": [
        "left",
        "left",
        "right",
        "left"
      ],
      "Sensors": [
        false,
        false,
        false,
        false
      ],
      "result": [
        0.09769105505519465,
        0.07367630882444276,
        0.08102438494954285,
        0.06617251889086126,
        0.03197472098309855,
        0.008625937665092776,
        0.04451260742271929,
        0.061814760715757346,
        0.06994586280801528,
        0.06495410708710873,
        0.03197472098309855,
        0.008157960566257788,
        0.03425610933991913,
        0.018578876528947002,
        0.007923972016840294,
        0.04451260742271929,
        0.06100248617992233,
        0.06758424980568015,
        0.07471421517578751,
        0.05090253757899436
      ],
      "check_seed": 0.29680050157622195
    },
    {
      "n_doors": 3,
      "n_bins": 20,
      "Probs_left": [
        0.7,
        0.1
      ],
      "Probs_right": [
        0.2,
        0.6
      ],
      "seq": [
        "left",
        "left",
        "right"
      ],
      "Sensors": [
        false,
        true,
        false
      ],
      "result": [
        0.03425353986505749,
        0.05439513446735721,
        0.03322721657322057,
        0.028580252779625583,
        0.06549938230542622,
        0.012892394437581167,
        0.14233108429155183,
        0.030575881402641836,
        0.03207260286990402,
        0.028580252779625583,
        0.06549938230542622,
        0.012892394437581167,
        0.1388387342012734,
        0.06400266083816404,
        0.012892394437581167,
        0.14233108429155183,
        0.030575881402641836,
        0.029378504228832085,
        0.024375178181127062,
        0.016806043903829712
      ],
      "check_seed": 0.5298173621928216
    },
    {
      "n_doors": 3,
      "n_bins": 20,
      "Probs_left": [
        0.7,
        0.1
      ],
      "Probs_right": [
        0.2,
        0.6
      ],
      "seq": [
        "right",
        "left",
        "right"
      ],
      "Sensors": [
        false,
        false,
        false
      ],
      "result": [
        0.04731586931419386,
        0.07812620282111081,
        0.06712251228292616,
        0.06128444313627821,
        0.05011094255892408,
        0.007569754190534408,
        0.034182760884823506,
        0.06556365612335001,
        0.06877306586365385,
        0.06128444313627821,
        0.05011094255892408,
        0.007569754190534408,
        0.026694138157447863,
        0.04690153281862023,
        0.007569754190534408,
        0.034182760884823506,
        0.06556365612335001,
        0.07262435755201849,
        0.06602214322910771,
        0.0814273099825662
      ],
      "check_seed": 0.5011204636599379
    },
    {
      "n_doors": 3,
      "n_bins": 20,
      "Probs_left": [
        0.7,
        0.1
      ],
      "Probs_right": [
        0.2,
        0.6
      ],
      "seq": [
        "left",
        "left",
        "right",
        "left"
      ],
      "Sensors": [
        false,
        false,
        true,
        false
      ],
      "result": [
        0.09208864309708954,
        0.05020211263978369,
        0.04288859144882553,
        0.03394264643729287,
        0.12895873007361286,
        0.011556887058464376,
        0.049850100086151004,
        0.04030787163289655,
        0.039396618449860615,
        0.033788336664834516,
        0.12895873007361286,
        0.010830847937021104,
        0.040774611068110096,
        0.126402776023634,
        0.011512435683682135,
        0.049850100086151004,
        0.03778747868274348,
        0.03474255951015996,
        0.026164079196827165,
        0.009995844149246551
      ],
      "check_seed": 0.5226746713525696
    }
  ]
}